n,matcher_time,verifier_time
1,0.026261550188064576,0.025657099764794113
2,0.022962791612371802,0.02318850818555802
4,0.022871974762529133,0.023162333224900068
8,0.022891674772836268,0.022980125015601517
16,0.023307083221152426,0.023287516785785556
32,0.023230783198960124,0.023355091572739184
64,0.024145375192165374,0.02412162476684898
128,0.027761033177375792,0.02767750839702785
256,0.041579391341656446,0.04116064996924251
512,0.11221203340683132,0.105072625214234
