n,matcher_time,verifier_time
1,0.13586038000212283,0.11821304000040982
2,0.11396682000049622,0.1105096200000844
4,0.11181003999809036,0.11232798000128241
8,0.11966501999995671,0.13160407999966992
16,0.11611937999841757,0.11780429999926127
32,0.11719787999900291,0.12348396000015782
64,0.12554531999776372,0.13085299999947891
128,0.11849031999881846,0.13775324000016553
256,0.14036857999890345,0.1517290799994953
512,0.23043505999958142,0.2159585600020364
