n,matcher_time,verifier_time
1,0.024844475043937563,0.025059016374871134
2,0.0226670416072011,0.023065958404913545
4,0.02583959964103997,0.025916808284819126
8,0.027971116825938225,0.030765833146870137
16,0.023660566844046115,0.023572891764342786
32,0.027575791487470268,0.028741683205589653
64,0.030147725157439707,0.028966316813603045
128,0.031930650025606154,0.031210824847221375
256,0.04539624177850783,0.04452540818601847
512,0.13380486662499608,0.1123704832047224
